[
null,
{"id":1,"list":[{"code":122,"indent":0,"parameters":[1,1,0,0,5]},{"code":0,"indent":0,"parameters":[]}],"name":"Set Timer","switchId":1,"trigger":0},
{"id":2,"list":[{"code":111,"indent":0,"parameters":[1,1,0,0,3]},{"code":122,"indent":1,"parameters":[1,1,2,0,1]},{"code":230,"indent":1,"parameters":[60]},{"code":0,"indent":1,"parameters":[]},{"code":412,"indent":0,"parameters":[]},{"code":0,"indent":0,"parameters":[]}],"name":"Run Timer","switchId":1,"trigger":2},
{"id":3,"list":[{"code":111,"indent":0,"parameters":[1,1,0,0,2]},{"code":111,"indent":1,"parameters":[0,2,1]},{"code":117,"indent":2,"parameters":[4]},{"code":0,"indent":2,"parameters":[]},{"code":412,"indent":1,"parameters":[]},{"code":0,"indent":1,"parameters":[]},{"code":412,"indent":0,"parameters":[]},{"code":111,"indent":0,"parameters":[11,"down",0]},{"code":111,"indent":1,"parameters":[0,2,0]},{"code":117,"indent":2,"parameters":[4]},{"code":117,"indent":2,"parameters":[1]},{"code":0,"indent":2,"parameters":[]},{"code":412,"indent":1,"parameters":[]},{"code":0,"indent":1,"parameters":[]},{"code":412,"indent":0,"parameters":[]},{"code":111,"indent":0,"parameters":[11,"up",0]},{"code":111,"indent":1,"parameters":[0,2,0]},{"code":117,"indent":2,"parameters":[4]},{"code":117,"indent":2,"parameters":[1]},{"code":0,"indent":2,"parameters":[]},{"code":412,"indent":1,"parameters":[]},{"code":0,"indent":1,"parameters":[]},{"code":412,"indent":0,"parameters":[]},{"code":111,"indent":0,"parameters":[11,"left",0]},{"code":111,"indent":1,"parameters":[0,2,0]},{"code":117,"indent":2,"parameters":[4]},{"code":117,"indent":2,"parameters":[1]},{"code":0,"indent":2,"parameters":[]},{"code":412,"indent":1,"parameters":[]},{"code":0,"indent":1,"parameters":[]},{"code":412,"indent":0,"parameters":[]},{"code":111,"indent":0,"parameters":[11,"right",0]},{"code":111,"indent":1,"parameters":[0,2,0]},{"code":117,"indent":2,"parameters":[4]},{"code":117,"indent":2,"parameters":[1]},{"code":0,"indent":2,"parameters":[]},{"code":412,"indent":1,"parameters":[]},{"code":0,"indent":1,"parameters":[]},{"code":412,"indent":0,"parameters":[]},{"code":0,"indent":0,"parameters":[]}],"name":"Enable Idle","switchId":3,"trigger":2},
{"id":4,"list":[{"code":111,"indent":0,"parameters":[0,2,0]},{"code":121,"indent":1,"parameters":[2,2,1]},{"code":205,"indent":1,"parameters":[-1,{"list":[{"code":41,"parameters":["Actor1",0],"indent":null},{"code":34,"indent":null},{"code":29,"parameters":[4],"indent":null},{"code":0}],"repeat":false,"skippable":false,"wait":false}]},{"code":505,"indent":1,"parameters":[{"code":41,"parameters":["Actor1",0],"indent":null}]},{"code":505,"indent":1,"parameters":[{"code":34,"indent":null}]},{"code":505,"indent":1,"parameters":[{"code":29,"parameters":[4],"indent":null}]},{"code":0,"indent":1,"parameters":[]},{"code":411,"indent":0,"parameters":[]},{"code":121,"indent":1,"parameters":[2,2,0]},{"code":205,"indent":1,"parameters":[-1,{"list":[{"code":41,"parameters":["Damage1",0],"indent":null},{"code":33,"indent":null},{"code":29,"parameters":[1],"indent":null},{"code":0}],"repeat":false,"skippable":false,"wait":false}]},{"code":505,"indent":1,"parameters":[{"code":41,"parameters":["Damage1",0],"indent":null}]},{"code":505,"indent":1,"parameters":[{"code":33,"indent":null}]},{"code":505,"indent":1,"parameters":[{"code":29,"parameters":[1],"indent":null}]},{"code":0,"indent":1,"parameters":[]},{"code":412,"indent":0,"parameters":[]},{"code":0,"indent":0,"parameters":[]}],"name":"Update Idle","switchId":1,"trigger":0}
]