[
null,
{"id":1,"list":[{"code":122,"indent":0,"parameters":[1,1,0,0,5]},{"code":0,"indent":0,"parameters":[]}],"name":"Set Timer","switchId":1,"trigger":0},
{"id":2,"list":[{"code":111,"indent":0,"parameters":[1,1,0,0,3]},{"code":122,"indent":1,"parameters":[1,1,2,0,1]},{"code":230,"indent":1,"parameters":[60]},{"code":0,"indent":1,"parameters":[]},{"code":412,"indent":0,"parameters":[]},{"code":0,"indent":0,"parameters":[]}],"name":"Run Timer","switchId":1,"trigger":2},
{"id":3,"list":[{"code":111,"indent":0,"parameters":[1,1,0,0,2]},{"code":111,"indent":1,"parameters":[0,2,1]},{"code":117,"indent":2,"parameters":[4]},{"code":0,"indent":2,"parameters":[]},{"code":412,"indent":1,"parameters":[]},{"code":0,"indent":1,"parameters":[]},{"code":412,"indent":0,"parameters":[]},{"code":111,"indent":0,"parameters":[11,"down",0]},{"code":117,"indent":1,"parameters":[1]},{"code":111,"indent":1,"parameters":[0,2,0]},{"code":117,"indent":2,"parameters":[4]},{"code":0,"indent":2,"parameters":[]},{"code":412,"indent":1,"parameters":[]},{"code":0,"indent":1,"parameters":[]},{"code":412,"indent":0,"parameters":[]},{"code":111,"indent":0,"parameters":[11,"up",0]},{"code":117,"indent":1,"parameters":[1]},{"code":111,"indent":1,"parameters":[0,2,0]},{"code":117,"indent":2,"parameters":[4]},{"code":0,"indent":2,"parameters":[]},{"code":412,"indent":1,"parameters":[]},{"code":0,"indent":1,"parameters":[]},{"code":412,"indent":0,"parameters":[]},{"code":111,"indent":0,"parameters":[11,"left",0]},{"code":117,"indent":1,"parameters":[1]},{"code":111,"indent":1,"parameters":[0,2,0]},{"code":117,"indent":2,"parameters":[4]},{"code":0,"indent":2,"parameters":[]},{"code":412,"indent":1,"parameters":[]},{"code":0,"indent":1,"parameters":[]},{"code":412,"indent":0,"parameters":[]},{"code":111,"indent":0,"parameters":[11,"right",0]},{"code":117,"indent":1,"parameters":[1]},{"code":111,"indent":1,"parameters":[0,2,0]},{"code":117,"indent":2,"parameters":[4]},{"code":0,"indent":2,"parameters":[]},{"code":412,"indent":1,"parameters":[]},{"code":0,"indent":1,"parameters":[]},{"code":412,"indent":0,"parameters":[]},{"code":111,"indent":0,"parameters":[12,"TouchInput.isPressed()"]},{"code":117,"indent":1,"parameters":[1]},{"code":122,"indent":1,"parameters":[2,2,0,4,"TouchInput.x"]},{"code":122,"indent":1,"parameters":[3,3,0,4,"TouchInput.y"]},{"code":122,"indent":1,"parameters":[6,6,0,4,"$gameMap.displayX()"]},{"code":122,"indent":1,"parameters":[7,7,0,4,"$gameMap.displayY()"]},{"code":111,"indent":1,"parameters":[0,2,0]},{"code":117,"indent":2,"parameters":[4]},{"code":0,"indent":2,"parameters":[]},{"code":412,"indent":1,"parameters":[]},{"code":355,"indent":1,"parameters":["// gets tile X,Y relative to screen from TouchInput"]},{"code":655,"indent":1,"parameters":["var x = Math.floor(TouchInput.x / 48) "]},{"code":655,"indent":1,"parameters":["var y = Math.floor(TouchInput.y / 48)"]},{"code":655,"indent":1,"parameters":["// gets the top left tile displayed on screen"]},{"code":655,"indent":1,"parameters":["var screenTileX = $gameMap.displayX()"]},{"code":655,"indent":1,"parameters":["var screenTileY = $gameMap.displayY()"]},{"code":655,"indent":1,"parameters":["// get tile selected by TouchInput and offset it by the screentile"]},{"code":655,"indent":1,"parameters":["var newX = x + screenTileX"]},{"code":655,"indent":1,"parameters":["var newY = y + screenTileY"]},{"code":655,"indent":1,"parameters":["$gameTemp.setDestination(newX, newY)"]},{"code":0,"indent":1,"parameters":[]},{"code":412,"indent":0,"parameters":[]},{"code":0,"indent":0,"parameters":[]}],"name":"Enable Idle","switchId":3,"trigger":2},
{"id":4,"list":[{"code":111,"indent":0,"parameters":[0,2,0]},{"code":121,"indent":1,"parameters":[2,2,1]},{"code":205,"indent":1,"parameters":[-1,{"list":[{"code":41,"parameters":["Actor1",0],"indent":null},{"code":34,"indent":null},{"code":29,"parameters":[4],"indent":null},{"code":0}],"repeat":false,"skippable":false,"wait":false}]},{"code":505,"indent":1,"parameters":[{"code":41,"parameters":["Actor1",0],"indent":null}]},{"code":505,"indent":1,"parameters":[{"code":34,"indent":null}]},{"code":505,"indent":1,"parameters":[{"code":29,"parameters":[4],"indent":null}]},{"code":0,"indent":1,"parameters":[]},{"code":411,"indent":0,"parameters":[]},{"code":121,"indent":1,"parameters":[2,2,0]},{"code":205,"indent":1,"parameters":[-1,{"list":[{"code":41,"parameters":["Damage1",0],"indent":null},{"code":33,"indent":null},{"code":29,"parameters":[1],"indent":null},{"code":0}],"repeat":false,"skippable":false,"wait":false}]},{"code":505,"indent":1,"parameters":[{"code":41,"parameters":["Damage1",0],"indent":null}]},{"code":505,"indent":1,"parameters":[{"code":33,"indent":null}]},{"code":505,"indent":1,"parameters":[{"code":29,"parameters":[1],"indent":null}]},{"code":0,"indent":1,"parameters":[]},{"code":412,"indent":0,"parameters":[]},{"code":0,"indent":0,"parameters":[]}],"name":"Update Idle","switchId":1,"trigger":0},
{"id":5,"list":[{"code":0,"indent":0,"parameters":[]}],"name":"","switchId":1,"trigger":0}
]