[
null,
{"id":1,"list":[{"code":111,"indent":0,"parameters":[11,"cancel",0]},{"code":231,"indent":1,"parameters":[1,"PhoneBackground",0,0,240,12,100,100,255,0]},{"code":231,"indent":1,"parameters":[2,"Button1",0,0,290,62,100,100,255,0]},{"code":357,"indent":1,"parameters":["ButtonPicture","set","Set Button Picture",{"pictureId":"2","commonEventId":"2"}]},{"code":657,"indent":1,"parameters":["Picture Number = 2"]},{"code":657,"indent":1,"parameters":["Common Event = 2"]},{"code":231,"indent":1,"parameters":[3,"Button2",0,0,373,62,100,100,255,0]},{"code":357,"indent":1,"parameters":["ButtonPicture","set","Set Button Picture",{"pictureId":"3","commonEventId":"3"}]},{"code":657,"indent":1,"parameters":["Picture Number = 3"]},{"code":657,"indent":1,"parameters":["Common Event = 3"]},{"code":231,"indent":1,"parameters":[4,"Button3",0,0,456,62,100,100,255,0]},{"code":357,"indent":1,"parameters":["ButtonPicture","set","Set Button Picture",{"pictureId":"4","commonEventId":"4"}]},{"code":657,"indent":1,"parameters":["Picture Number = 4"]},{"code":657,"indent":1,"parameters":["Common Event = 4"]},{"code":231,"indent":1,"parameters":[5,"Button1",0,0,290,142,100,100,255,0]},{"code":357,"indent":1,"parameters":["ButtonPicture","set","Set Button Picture",{"pictureId":"5","commonEventId":"2"}]},{"code":657,"indent":1,"parameters":["Picture Number = 5"]},{"code":657,"indent":1,"parameters":["Common Event = 2"]},{"code":231,"indent":1,"parameters":[6,"Button2",0,0,373,142,100,100,255,0]},{"code":357,"indent":1,"parameters":["ButtonPicture","set","Set Button Picture",{"pictureId":"6","commonEventId":"3"}]},{"code":657,"indent":1,"parameters":["Picture Number = 6"]},{"code":657,"indent":1,"parameters":["Common Event = 3"]},{"code":231,"indent":1,"parameters":[7,"Button3",0,0,456,142,100,100,255,0]},{"code":357,"indent":1,"parameters":["ButtonPicture","set","Set Button Picture",{"pictureId":"7","commonEventId":"4"}]},{"code":657,"indent":1,"parameters":["Picture Number = 7"]},{"code":657,"indent":1,"parameters":["Common Event = 4"]},{"code":231,"indent":1,"parameters":[8,"Button1",0,0,290,222,100,100,255,0]},{"code":357,"indent":1,"parameters":["ButtonPicture","set","Set Button Picture",{"pictureId":"8","commonEventId":"2"}]},{"code":657,"indent":1,"parameters":["Picture Number = 8"]},{"code":657,"indent":1,"parameters":["Common Event = 2"]},{"code":231,"indent":1,"parameters":[9,"Button2",0,0,373,222,100,100,255,0]},{"code":357,"indent":1,"parameters":["ButtonPicture","set","Set Button Picture",{"pictureId":"9","commonEventId":"3"}]},{"code":657,"indent":1,"parameters":["Picture Number = 9"]},{"code":657,"indent":1,"parameters":["Common Event = 3"]},{"code":231,"indent":1,"parameters":[10,"Button3",0,0,456,222,100,100,255,0]},{"code":357,"indent":1,"parameters":["ButtonPicture","set","Set Button Picture",{"pictureId":"10","commonEventId":"4"}]},{"code":657,"indent":1,"parameters":["Picture Number = 10"]},{"code":657,"indent":1,"parameters":["Common Event = 4"]},{"code":234,"indent":1,"parameters":[2,[-68,-68,-68,0],1,false]},{"code":230,"indent":1,"parameters":[5]},{"code":122,"indent":1,"parameters":[1,1,0,0,1]},{"code":112,"indent":1,"parameters":[]},{"code":205,"indent":2,"parameters":[-1,{"list":[{"code":15,"parameters":[10],"indent":null},{"code":0}],"repeat":false,"skippable":false,"wait":false}]},{"code":505,"indent":2,"parameters":[{"code":15,"parameters":[10],"indent":null}]},{"code":111,"indent":2,"parameters":[11,"left",0]},{"code":122,"indent":3,"parameters":[1,1,2,0,1]},{"code":230,"indent":3,"parameters":[10]},{"code":0,"indent":3,"parameters":[]},{"code":412,"indent":2,"parameters":[]},{"code":111,"indent":2,"parameters":[11,"right",0]},{"code":122,"indent":3,"parameters":[1,1,1,0,1]},{"code":230,"indent":3,"parameters":[10]},{"code":0,"indent":3,"parameters":[]},{"code":412,"indent":2,"parameters":[]},{"code":111,"indent":2,"parameters":[11,"down",0]},{"code":122,"indent":3,"parameters":[1,1,1,0,3]},{"code":111,"indent":3,"parameters":[1,1,0,9,3]},{"code":122,"indent":4,"parameters":[1,1,5,0,9]},{"code":0,"indent":4,"parameters":[]},{"code":412,"indent":3,"parameters":[]},{"code":230,"indent":3,"parameters":[10]},{"code":0,"indent":3,"parameters":[]},{"code":412,"indent":2,"parameters":[]},{"code":111,"indent":2,"parameters":[11,"up",0]},{"code":122,"indent":3,"parameters":[1,1,2,0,3]},{"code":111,"indent":3,"parameters":[1,1,0,0,4]},{"code":122,"indent":4,"parameters":[1,1,1,0,9]},{"code":0,"indent":4,"parameters":[]},{"code":412,"indent":3,"parameters":[]},{"code":230,"indent":3,"parameters":[10]},{"code":0,"indent":3,"parameters":[]},{"code":412,"indent":2,"parameters":[]},{"code":111,"indent":2,"parameters":[1,1,0,0,0]},{"code":122,"indent":3,"parameters":[1,1,0,0,9]},{"code":0,"indent":3,"parameters":[]},{"code":412,"indent":2,"parameters":[]},{"code":111,"indent":2,"parameters":[1,1,0,10,0]},{"code":122,"indent":3,"parameters":[1,1,0,0,1]},{"code":0,"indent":3,"parameters":[]},{"code":412,"indent":2,"parameters":[]},{"code":111,"indent":2,"parameters":[1,1,0,1,0]},{"code":234,"indent":3,"parameters":[2,[-68,-68,-68,0],1,false]},{"code":234,"indent":3,"parameters":[3,[0,0,0,0],1,false]},{"code":234,"indent":3,"parameters":[4,[0,0,0,0],1,false]},{"code":234,"indent":3,"parameters":[5,[0,0,0,0],1,false]},{"code":234,"indent":3,"parameters":[6,[0,0,0,0],1,false]},{"code":234,"indent":3,"parameters":[7,[0,0,0,0],1,false]},{"code":234,"indent":3,"parameters":[8,[0,0,0,0],1,false]},{"code":234,"indent":3,"parameters":[9,[0,0,0,0],1,false]},{"code":234,"indent":3,"parameters":[10,[0,0,0,0],1,false]},{"code":0,"indent":3,"parameters":[]},{"code":412,"indent":2,"parameters":[]},{"code":111,"indent":2,"parameters":[1,1,0,2,0]},{"code":234,"indent":3,"parameters":[2,[0,0,0,0],1,false]},{"code":234,"indent":3,"parameters":[3,[-68,-68,-68,0],1,false]},{"code":234,"indent":3,"parameters":[4,[0,0,0,0],1,false]},{"code":234,"indent":3,"parameters":[5,[0,0,0,0],1,false]},{"code":234,"indent":3,"parameters":[6,[0,0,0,0],1,false]},{"code":234,"indent":3,"parameters":[7,[0,0,0,0],1,false]},{"code":234,"indent":3,"parameters":[8,[0,0,0,0],1,false]},{"code":234,"indent":3,"parameters":[9,[0,0,0,0],1,false]},{"code":234,"indent":3,"parameters":[10,[0,0,0,0],1,false]},{"code":0,"indent":3,"parameters":[]},{"code":412,"indent":2,"parameters":[]},{"code":111,"indent":2,"parameters":[1,1,0,3,0]},{"code":234,"indent":3,"parameters":[2,[0,0,0,0],1,false]},{"code":234,"indent":3,"parameters":[3,[0,0,0,0],1,false]},{"code":234,"indent":3,"parameters":[4,[-68,-68,-68,0],1,false]},{"code":234,"indent":3,"parameters":[5,[0,0,0,0],1,false]},{"code":234,"indent":3,"parameters":[6,[0,0,0,0],1,false]},{"code":234,"indent":3,"parameters":[7,[0,0,0,0],1,false]},{"code":234,"indent":3,"parameters":[8,[0,0,0,0],1,false]},{"code":234,"indent":3,"parameters":[9,[0,0,0,0],1,false]},{"code":234,"indent":3,"parameters":[10,[0,0,0,0],1,false]},{"code":0,"indent":3,"parameters":[]},{"code":412,"indent":2,"parameters":[]},{"code":111,"indent":2,"parameters":[1,1,0,4,0]},{"code":234,"indent":3,"parameters":[2,[0,0,0,0],1,false]},{"code":234,"indent":3,"parameters":[3,[0,0,0,0],1,false]},{"code":234,"indent":3,"parameters":[4,[0,0,0,0],1,false]},{"code":234,"indent":3,"parameters":[5,[-68,-68,-68,0],1,false]},{"code":234,"indent":3,"parameters":[6,[0,0,0,0],1,false]},{"code":234,"indent":3,"parameters":[7,[0,0,0,0],1,false]},{"code":234,"indent":3,"parameters":[8,[0,0,0,0],1,false]},{"code":234,"indent":3,"parameters":[9,[0,0,0,0],1,false]},{"code":234,"indent":3,"parameters":[10,[0,0,0,0],1,false]},{"code":0,"indent":3,"parameters":[]},{"code":412,"indent":2,"parameters":[]},{"code":111,"indent":2,"parameters":[1,1,0,5,0]},{"code":234,"indent":3,"parameters":[2,[0,0,0,0],1,false]},{"code":234,"indent":3,"parameters":[3,[0,0,0,0],1,false]},{"code":234,"indent":3,"parameters":[4,[0,0,0,0],1,false]},{"code":234,"indent":3,"parameters":[5,[0,0,0,0],1,false]},{"code":234,"indent":3,"parameters":[6,[-68,-68,-68,0],1,false]},{"code":234,"indent":3,"parameters":[7,[0,0,0,0],1,false]},{"code":234,"indent":3,"parameters":[8,[0,0,0,0],1,false]},{"code":234,"indent":3,"parameters":[9,[0,0,0,0],1,false]},{"code":234,"indent":3,"parameters":[10,[0,0,0,0],1,false]},{"code":0,"indent":3,"parameters":[]},{"code":412,"indent":2,"parameters":[]},{"code":111,"indent":2,"parameters":[1,1,0,6,0]},{"code":234,"indent":3,"parameters":[2,[0,0,0,0],1,false]},{"code":234,"indent":3,"parameters":[3,[0,0,0,0],1,false]},{"code":234,"indent":3,"parameters":[4,[0,0,0,0],1,false]},{"code":234,"indent":3,"parameters":[5,[0,0,0,0],1,false]},{"code":234,"indent":3,"parameters":[6,[0,0,0,0],1,false]},{"code":234,"indent":3,"parameters":[7,[-68,-68,-68,0],1,false]},{"code":234,"indent":3,"parameters":[8,[0,0,0,0],1,false]},{"code":234,"indent":3,"parameters":[9,[0,0,0,0],1,false]},{"code":234,"indent":3,"parameters":[10,[0,0,0,0],1,false]},{"code":0,"indent":3,"parameters":[]},{"code":412,"indent":2,"parameters":[]},{"code":111,"indent":2,"parameters":[1,1,0,7,0]},{"code":234,"indent":3,"parameters":[2,[0,0,0,0],1,false]},{"code":234,"indent":3,"parameters":[3,[0,0,0,0],1,false]},{"code":234,"indent":3,"parameters":[4,[0,0,0,0],1,false]},{"code":234,"indent":3,"parameters":[5,[0,0,0,0],1,false]},{"code":234,"indent":3,"parameters":[6,[0,0,0,0],1,false]},{"code":234,"indent":3,"parameters":[7,[0,0,0,0],1,false]},{"code":234,"indent":3,"parameters":[8,[-68,-68,-68,0],1,false]},{"code":234,"indent":3,"parameters":[9,[0,0,0,0],1,false]},{"code":234,"indent":3,"parameters":[10,[0,0,0,0],1,false]},{"code":0,"indent":3,"parameters":[]},{"code":412,"indent":2,"parameters":[]},{"code":111,"indent":2,"parameters":[1,1,0,8,0]},{"code":234,"indent":3,"parameters":[2,[0,0,0,0],1,false]},{"code":234,"indent":3,"parameters":[3,[0,0,0,0],1,false]},{"code":234,"indent":3,"parameters":[4,[0,0,0,0],1,false]},{"code":234,"indent":3,"parameters":[5,[0,0,0,0],1,false]},{"code":234,"indent":3,"parameters":[6,[0,0,0,0],1,false]},{"code":234,"indent":3,"parameters":[7,[0,0,0,0],1,false]},{"code":234,"indent":3,"parameters":[8,[0,0,0,0],1,false]},{"code":234,"indent":3,"parameters":[9,[-68,-68,-68,0],1,false]},{"code":234,"indent":3,"parameters":[10,[0,0,0,0],1,false]},{"code":0,"indent":3,"parameters":[]},{"code":412,"indent":2,"parameters":[]},{"code":111,"indent":2,"parameters":[1,1,0,9,0]},{"code":234,"indent":3,"parameters":[2,[0,0,0,0],1,false]},{"code":234,"indent":3,"parameters":[3,[0,0,0,0],1,false]},{"code":234,"indent":3,"parameters":[4,[0,0,0,0],1,false]},{"code":234,"indent":3,"parameters":[5,[0,0,0,0],1,false]},{"code":234,"indent":3,"parameters":[6,[0,0,0,0],1,false]},{"code":234,"indent":3,"parameters":[7,[0,0,0,0],1,false]},{"code":234,"indent":3,"parameters":[8,[0,0,0,0],1,false]},{"code":234,"indent":3,"parameters":[9,[0,0,0,0],1,false]},{"code":234,"indent":3,"parameters":[10,[-68,-68,-68,0],1,false]},{"code":0,"indent":3,"parameters":[]},{"code":412,"indent":2,"parameters":[]},{"code":111,"indent":2,"parameters":[11,"ok",1]},{"code":111,"indent":3,"parameters":[1,1,0,1,0]},{"code":355,"indent":4,"parameters":["SceneManager.push(Scene_Item);"]},{"code":0,"indent":4,"parameters":[]},{"code":412,"indent":3,"parameters":[]},{"code":111,"indent":3,"parameters":[1,1,0,2,0]},{"code":355,"indent":4,"parameters":["SceneManager.push(Scene_Skill);"]},{"code":0,"indent":4,"parameters":[]},{"code":412,"indent":3,"parameters":[]},{"code":111,"indent":3,"parameters":[1,1,0,3,0]},{"code":355,"indent":4,"parameters":["SceneManager.push(Scene_Status);"]},{"code":0,"indent":4,"parameters":[]},{"code":412,"indent":3,"parameters":[]},{"code":111,"indent":3,"parameters":[1,1,0,4,0]},{"code":355,"indent":4,"parameters":["SceneManager.push(Scene_Item);"]},{"code":0,"indent":4,"parameters":[]},{"code":412,"indent":3,"parameters":[]},{"code":111,"indent":3,"parameters":[1,1,0,5,0]},{"code":355,"indent":4,"parameters":["SceneManager.push(Scene_Skill);"]},{"code":0,"indent":4,"parameters":[]},{"code":412,"indent":3,"parameters":[]},{"code":111,"indent":3,"parameters":[1,1,0,6,0]},{"code":355,"indent":4,"parameters":["SceneManager.push(Scene_Status);"]},{"code":0,"indent":4,"parameters":[]},{"code":412,"indent":3,"parameters":[]},{"code":111,"indent":3,"parameters":[1,1,0,7,0]},{"code":355,"indent":4,"parameters":["SceneManager.push(Scene_Item);"]},{"code":0,"indent":4,"parameters":[]},{"code":412,"indent":3,"parameters":[]},{"code":111,"indent":3,"parameters":[1,1,0,8,0]},{"code":355,"indent":4,"parameters":["SceneManager.push(Scene_Skill);"]},{"code":0,"indent":4,"parameters":[]},{"code":412,"indent":3,"parameters":[]},{"code":111,"indent":3,"parameters":[1,1,0,9,0]},{"code":355,"indent":4,"parameters":["SceneManager.push(Scene_Status);"]},{"code":0,"indent":4,"parameters":[]},{"code":412,"indent":3,"parameters":[]},{"code":0,"indent":3,"parameters":[]},{"code":412,"indent":2,"parameters":[]},{"code":111,"indent":2,"parameters":[11,"cancel",1]},{"code":235,"indent":3,"parameters":[1]},{"code":235,"indent":3,"parameters":[2]},{"code":235,"indent":3,"parameters":[3]},{"code":235,"indent":3,"parameters":[4]},{"code":235,"indent":3,"parameters":[5]},{"code":235,"indent":3,"parameters":[6]},{"code":235,"indent":3,"parameters":[7]},{"code":235,"indent":3,"parameters":[8]},{"code":235,"indent":3,"parameters":[9]},{"code":235,"indent":3,"parameters":[10]},{"code":113,"indent":3,"parameters":[]},{"code":0,"indent":3,"parameters":[]},{"code":412,"indent":2,"parameters":[]},{"code":0,"indent":2,"parameters":[]},{"code":413,"indent":1,"parameters":[]},{"code":230,"indent":1,"parameters":[10]},{"code":0,"indent":1,"parameters":[]},{"code":412,"indent":0,"parameters":[]},{"code":0,"indent":0,"parameters":[]}],"name":"--- Phone Menu ---","switchId":1,"trigger":2},
{"id":2,"list":[{"code":122,"indent":0,"parameters":[1,1,0,0,1]},{"code":234,"indent":0,"parameters":[2,[-68,-68,0,68],1,false]},{"code":234,"indent":0,"parameters":[3,[0,0,0,0],1,false]},{"code":234,"indent":0,"parameters":[4,[0,0,0,0],1,false]},{"code":234,"indent":0,"parameters":[5,[0,0,0,0],1,false]},{"code":234,"indent":0,"parameters":[6,[0,0,0,0],1,false]},{"code":234,"indent":0,"parameters":[7,[0,0,0,0],1,false]},{"code":234,"indent":0,"parameters":[8,[0,0,0,0],1,false]},{"code":234,"indent":0,"parameters":[9,[0,0,0,0],1,false]},{"code":234,"indent":0,"parameters":[10,[0,0,0,0],1,false]},{"code":230,"indent":0,"parameters":[10]},{"code":355,"indent":0,"parameters":["SceneManager.push(Scene_Item);"]},{"code":0,"indent":0,"parameters":[]}],"name":"-- Push Scene Item --","switchId":1,"trigger":0},
{"id":3,"list":[{"code":122,"indent":0,"parameters":[1,1,0,0,2]},{"code":234,"indent":0,"parameters":[2,[0,0,0,0],1,false]},{"code":234,"indent":0,"parameters":[3,[-68,-68,-68,0],1,false]},{"code":234,"indent":0,"parameters":[4,[0,0,0,0],1,false]},{"code":234,"indent":0,"parameters":[5,[0,0,0,0],1,false]},{"code":234,"indent":0,"parameters":[6,[0,0,0,0],1,false]},{"code":234,"indent":0,"parameters":[7,[0,0,0,0],1,false]},{"code":234,"indent":0,"parameters":[8,[0,0,0,0],1,false]},{"code":234,"indent":0,"parameters":[9,[0,0,0,0],1,false]},{"code":234,"indent":0,"parameters":[10,[0,0,0,0],1,false]},{"code":230,"indent":0,"parameters":[10]},{"code":355,"indent":0,"parameters":["SceneManager.push(Scene_Skill);"]},{"code":0,"indent":0,"parameters":[]}],"name":"-- Push Scene Skill --","switchId":1,"trigger":0},
{"id":4,"list":[{"code":122,"indent":0,"parameters":[1,1,0,0,3]},{"code":234,"indent":0,"parameters":[2,[0,0,0,0],1,false]},{"code":234,"indent":0,"parameters":[3,[0,0,0,0],1,false]},{"code":234,"indent":0,"parameters":[4,[-68,-68,-68,0],1,false]},{"code":234,"indent":0,"parameters":[5,[0,0,0,0],1,false]},{"code":234,"indent":0,"parameters":[6,[0,0,0,0],1,false]},{"code":234,"indent":0,"parameters":[7,[0,0,0,0],1,false]},{"code":234,"indent":0,"parameters":[8,[0,0,0,0],1,false]},{"code":234,"indent":0,"parameters":[9,[0,0,0,0],1,false]},{"code":234,"indent":0,"parameters":[10,[0,0,0,0],1,false]},{"code":230,"indent":0,"parameters":[10]},{"code":355,"indent":0,"parameters":["SceneManager.push(Scene_Status);"]},{"code":0,"indent":0,"parameters":[]}],"name":"-- Push Scene Status --","switchId":1,"trigger":0}
]